abbrev_my	work_pali	work_zh	kind	pcd	note
ဝိသုဒ္ဓိ	Visuddhimagga	清净道论	aṭṭhakathā	*=70,71	
အဘိ-ဋ္ဌ	Abhidhamma-aṭṭhakathā	论藏义注	aṭṭhakathā	1=102;2=103;3=104,105,106,107,108	1=殊胜义 2=迷惑冰消 3=五论义注
မဟာဋီ|မဟာဋီကာ	Visuddhimagga-mahāṭīkā	大复注 (清净道论大疏钞)	ṭīkā	*=72,73	
မူလဋီ|မူလဋီကာ	Mūlaṭīkā	根本复注	mūlaṭīkā	1=191;2=192;3=194,195,196,197,198	
မ-ဋ္ဌ	Majjhima-aṭṭhakathā	中部义注	aṭṭhakathā	*=148,149,150	Papañcasūdanī
မ	Majjhima-nikāya	中部	mūla	*=183,184,185	
သံ	Saṃyutta-nikāya	相应部	mūla	*=186,187,188,189,190	缅甸版 3 册对 WikiPali 5 品，靠页码定
သံ-ဋ္ဌ	Saṃyutta-aṭṭhakathā	相应部义注	aṭṭhakathā	*=151,152,153,154,155	Sāratthappakāsinī
အနုဋီ|အနုဋီကာ	Anuṭīkā	随复注	anuṭīkā	1=199;2=193;3=200,201,202,203,204	分别论随复注在 book 173 的后半（para 1155 起）
အဘိ	Abhidhamma-piṭaka	论藏	mūla	*=79,80,81,82,83,84,85,86,87,75,76,77,78	
အံ	Aṅguttara-nikāya	增支部	mūla	*=90,91,92,93,94,95,96,97,98,88,89	缅甸版 3 册对 WikiPali 11 集
ပဋိသမ္ဘိဒါမဂ်|ပဋိသံ	Paṭisambhidāmagga	无碍解道	mūla	*=170	
မ-ဋီ	Majjhima-ṭīkā	中部复注	ṭīkā	*=233,234,235	Līnatthappakāsanā
ဒီ-ဋ္ဌ	Dīgha-aṭṭhakathā	长部义注	aṭṭhakathā	*=120,121,122	Sumaṅgalavilāsinī
သံ-ဋီ	Saṃyutta-ṭīkā	相应部复注	ṭīkā	*=236,237,238,239,240	
ဒီ	Dīgha-nikāya	长部	mūla	*=99,100,101	
ပဋ္ဌာန	Paṭṭhāna	发趣论	mūla	*=87,75,76,77,78	
ပဋိသံ-ဋ္ဌ	Paṭisambhidāmagga-aṭṭhakathā	无碍解道义注	aṭṭhakathā	*=138	Saddhammappakāsinī
အံ-ဋ္ဌ	Aṅguttara-aṭṭhakathā	增支部义注	aṭṭhakathā	*=109,110,111,112,113,114,115,116,117,118,119	Manorathapūraṇī
ဇာ-ဋ္ဌ|ဇာတက-ဋ္ဌ|ဇာတကအဋ္ဌကထာ	Jātaka-aṭṭhakathā	本生义注	aṭṭhakathā	*=127,128,129,130,131,132,133,135	
ခု	Khuddaka-nikāya	小部	mūla	*=173,175,176,177,178,179,180,181,182,161,162,163,164,165,167,166,168,169,170,171,172,174	册号是缅甸版小部的册，靠页码定书
ဒီ-ဋီ	Dīgha-ṭīkā	长部复注	ṭīkā	*=226,227,228	
ဝိ	Vinaya-piṭaka	律藏	mūla	*=275,276,277,278,279	
အံ-ဋီ	Aṅguttara-ṭīkā	增支部复注	ṭīkā	*=215,216,217,218,219,220,221,222,223,224,225	Sāratthamañjūsā
ဣတိဝုတ္တက-ဋ္ဌ|ဣတိဝုတ္တကဋ္ဌကထာ	Itivuttaka-aṭṭhakathā	如是语义注	aṭṭhakathā	*=142	
ပြည်-ဝိသုဒ္ဓိမဂ်-နိဿယ|ပြည်-ဝိသုဒ္ဓိမဂ်နိဿယ	Pyi Visuddhimagga-nissaya	卑谬版清净道论尼思耶	nissaya		卑谬版清净道论尼思耶，缅文；底本 Visuddhimagga=64,65，册页与巴利本不同
ဝိ-ဋ္ဌ	Vinaya-aṭṭhakathā	律藏义注	aṭṭhakathā	*=156,157,280,158,159,160	Samantapāsādikā
ဓမ္မပဒ-ဋ္ဌ|ဓမ္မပဒအဋ္ဌကထာ	Dhammapada-aṭṭhakathā	法句义注	aṭṭhakathā	*=140	
မိလိန္ဒ|မိလိန္ဒပဉှ|မိလိန္ဒပဥှာ	Milindapañha	弥兰王问经	mūla	*=171	
ဥဒါန-ဋ္ဌ|ဥဒါန်းအဋ္ဌကထာ	Udāna-aṭṭhakathā	自说经义注	aṭṭhakathā	*=141	
ဓမ္မပဒ	Dhammapada	法句经	mūla	*=175	
မဃဒေဝ	Maghadeva-laṅkā	摩伽提婆linkā (缅文诗)	burmese		缅文诗
သင်္ဂြိုဟ်ဘာသာဋီကာ	Saṅgaha-bhāsāṭīkā	摄义论缅文复注	burmese		缅文复注；底本 Abhidhammatthasaṅgaha=178
ပြည်	Pyi-nissaya	卑谬版尼思耶	nissaya		卑谬版尼思耶，未指明底本
သုတ္တနိ-ဋ္ဌ|သုတ္တနိပါတ-ဋ္ဌ	Suttanipāta-aṭṭhakathā	经集义注	aṭṭhakathā	*=143	Paramatthajotikā
သာရတ္ထ|သာရတ္ထဒီပနီဋီကာ	Sāratthadīpanī-ṭīkā	显扬心义复注	ṭīkā	*=251,252,253,254,255,256	
အဘိဓမ္မတ္ထသင်္ဂဟ	Abhidhammatthasaṅgaha	摄阿毗达摩义论	gantha	*=209,210	
ဥဒါန	Udāna	自说经	mūla	*=176	
အဋ္ဌသာလိနီဘာသာဋီကာ	Aṭṭhasālinī-bhāsāṭīkā	殊胜义注缅文复注	burmese		缅文复注；底本 Dhammasaṅgaṇī-aṭṭhakathā=96
မဟာဗုဒ္ဓဝင်	Mahābuddhavaṃsa	大佛史	burmese		缅文大佛史
ဝိဘင်္ဂ	Vibhaṅga	分别论	mūla	*=80	
သီ-ဋီ	Sīlakkhandhavagga-ṭīkā	戒蕴品复注	ṭīkā	*=226,229,230	188/189 是新复注 Sādhuvilāsinī
ဝိသုဒ္ဓိမဂ်နိဿယ	Visuddhimagga-nissaya	清净道论尼思耶	nissaya		底本 Visuddhimagga=64,65
ဝီထိပုံ-ဘုံစဉ်-ဆန်းပုံ-သိမ်ပုံ-ကျမ်း|ဝီထိပုံ-ဘုံစဉ်-ဆန်းပုံ-သိမ်ပုံကျမ်း	Vīthi-bhūmi-kyan	心路·界地·历算·结界典	burmese		缅文纲要书
သမ္မောဟဝိနောဒနီဘာသာဋီကာ	Sammohavinodanī-bhāsāṭīkā	迷惑冰消缅文复注	burmese		缅文复注；底本 Vibhaṅga-aṭṭhakathā=97
စူဠနိ-ဋ္ဌ	Cūḷaniddesa-aṭṭhakathā	小义释义注	aṭṭhakathā	*=137	
မဟာနိ-ဋ္ဌ	Mahāniddesa-aṭṭhakathā	大义释义注	aṭṭhakathā	*=136	
သုတ္တနိပါတ	Suttanipāta	经集	mūla	*=178	
ဥဒါန်းပါဠိတော်	Udāna-pāḷi	自说经巴利圣典	mūla	*=176	
စူဠနိ|စူဠနိဒ္ဒေသ	Cūḷaniddesa	小义释	mūla	*=169	
မဟာနိ|မဟာနိဒ္ဒေသ	Mahāniddesa	大义释	mūla	*=168	
ဝိမတိ|ဝိမတိဋီ	Vimativinodanī-ṭīkā	除疑复注	ṭīkā	*=267,268,269,270,271	book 210 的归属未在书目里写明，存疑
ဝိသုဒ္ဓိ-ဋီ	Visuddhimagga-ṭīkā	清净道论复注	ṭīkā	*=72,73	即大复注 Paramatthamañjūsā
ဝိ-သင်္ဂဟ	Vinayasaṅgaha	律摄	aṭṭhakathā	*=260	Vinayasaṅgaha-aṭṭhakathā
ဝိမာနဝတ္ထု	Vimānavatthu	天宫事	mūla	*=179	
ဣတိဝုတ္တက	Itivuttaka	如是语	mūla	*=177	
ကမ္မဋ္ဌာန်းကျမ်းကြီး	Kammaṭṭhāna-kyan-gyi	业处大典	burmese		缅文业处典
ကိုယ်ကျင့်အဘိဓမ္မာ	Koyakyint-Abhidhammā	实修阿毗达摩	burmese		缅文
ဇာတက	Jātaka	本生	mūla	*=167,166	148=第一册 147=第二册
ထေရဂါထာ	Theragāthā	长老偈	mūla	*=181	
ထေရီဂါထာ	Therīgāthā	长老尼偈	mūla	*=182	
နေတ္တိ-ဋ္ဌ	Nettippakaraṇa-aṭṭhakathā	导论义注	aṭṭhakathā	*=139	
ပရမတ္ထသရူပဘေဒနီ	Paramatthasarūpabhedanī	胜义自性分别	burmese		缅文阿毗达摩纲要
ပေတဝတ္ထု	Petavatthu	饿鬼事	mūla	*=180	
ဗုဒ္ဓဝံသ	Buddhavaṃsa	佛种姓经	mūla	*=164	
မဟာဋီကာနိဿယ	Mahāṭīkā-nissaya	大复注尼思耶	nissaya		底本 Visuddhimagga-mahāṭīkā=66,67
မူလပဏ္ဏာသ	Mūlapaṇṇāsa	根本五十经篇	mūla	*=183	
မူလပဏ္ဏာသ-ဋ္ဌ	Mūlapaṇṇāsa-aṭṭhakathā	根本五十经篇义注	aṭṭhakathā	*=148	
မူလပဏ္ဏာသပါဠိတော်	Mūlapaṇṇāsa-pāḷi	根本五十经篇巴利圣典	mūla	*=183	
မူလပဏ္ဏာသပါဠိတော်မြန်မာပြန်	Mūlapaṇṇāsa-pāḷi (Bur. tr.)	根本五十经篇巴利圣典缅译	nissaya		缅译；底本 Mūlapaṇṇāsa=164
ဝိနည်းသာရတ္ထဒီပနီဋီကာ	Vinaya-sāratthadīpanī-ṭīkā	律显扬心义复注	ṭīkā	*=251,252,253,254,255,256	
ဝိသုဒ္ဓိမဂ်မဟာဋီကာနိဿယ	Visuddhimagga-mahāṭīkā-nissaya	清净道论大复注尼思耶	nissaya		底本 Visuddhimagga-mahāṭīkā=66,67
အပဒါနပါဠိ	Apadāna-pāḷi	譬喻经巴利圣典	mūla	*=161,162,163	
အပဒါန်	Apadāna	譬喻经	mūla	*=161,162,163	
ဥပရိပဏ္ဏာသဋီကာ	Uparipaṇṇāsa-ṭīkā	后分五十经篇复注	ṭīkā	*=235	
